y	half_px	Z	o_halfwidth_m
2680	817.50	19.704	65.167
2664	560.50	22.257	47.750
2656	555.00	22.955	47.378
2640	544.50	24.356	46.665
2608	523.00	27.196	45.186
2592	512.50	28.631	44.456
2584	507.50	29.351	44.107
2576	502.00	30.078	43.720
2568	496.50	30.808	43.331
2560	491.50	31.537	42.978
2544	480.50	33.011	42.192
2536	475.50	33.749	41.835
2520	465.50	35.233	41.116
2512	460.00	35.984	40.716
2504	455.00	36.733	40.353
2496	449.50	37.490	39.950
2488	444.50	38.246	39.584
2480	439.00	39.009	39.178
2472	433.50	39.776	38.769
2464	428.50	40.541	38.399
2456	423.50	41.309	38.026
2448	418.00	42.085	37.613
2440	412.50	42.865	37.198
2432	407.50	43.643	36.821
2424	402.00	44.429	36.403
2416	397.50	45.207	36.063
2408	393.50	45.981	35.762
2400	389.50	46.758	35.461
2392	387.50	47.512	35.321
2384	386.00	48.262	35.221
2376	385.00	49.006	35.161
2368	385.00	49.738	35.184
2360	385.00	50.471	35.206
2352	385.50	51.197	35.269
2344	388.00	51.896	35.495
2336	392.00	52.574	35.843
2328	394.50	53.272	36.068
2320	389.00	54.089	35.643
2312	386.00	54.872	35.421
2304	382.50	55.665	35.157
2296	382.50	56.405	35.179
2288	379.50	57.194	34.955
2280	379.00	57.946	34.936
2272	379.00	58.690	34.958
2264	384.00	59.353	35.391
2256	387.50	60.040	35.701
2248	312.00	62.084	29.394
2240	308.50	62.910	29.113
2232	305.00	63.739	28.831
2224	301.50	64.570	28.547
2216	298.00	65.404	28.263
2208	295.00	66.232	28.022
2200	292.00	67.062	27.779
2192	289.00	67.895	27.536
2184	286.00	68.730	27.292
2176	283.00	69.568	27.048
2168	280.00	70.408	26.802
2160	277.50	71.241	26.600
2152	274.00	72.097	26.309
2144	271.50	72.934	26.106
2136	268.00	73.796	25.813
2128	265.00	74.649	25.564
2120	262.00	75.505	25.314
2112	259.50	76.353	25.107
2104	256.50	77.214	24.856
2096	254.00	78.067	24.649
2088	250.50	78.945	24.351
2080	248.50	79.791	24.187
2072	245.50	80.663	23.933
2064	242.50	81.538	23.677
2056	240.00	82.403	23.467
2048	237.50	83.271	23.255
2040	235.00	84.141	23.043
2032	232.00	85.026	22.785
2024	230.00	85.889	22.618
2016	227.00	86.779	22.358
2008	224.00	87.673	22.098
2000	222.00	88.543	21.929
1992	219.50	89.428	21.713
1984	217.00	90.316	21.497
1976	214.00	91.220	21.234
1968	212.00	92.100	21.062
1960	210.00	92.982	20.891
1952	207.50	93.880	20.672
1944	204.50	94.795	20.406
1936	202.00	95.699	20.186
1928	200.00	96.590	20.012
1920	198.00	97.484	19.838
1912	195.00	98.410	19.569
1904	193.00	99.309	19.394
1896	190.00	100.241	19.123
1888	188.00	101.145	18.947
1880	186.00	102.051	18.770
1872	183.50	102.976	18.545
1864	182.50	103.855	18.462
1856	178.50	104.833	18.093
1848	178.00	105.701	18.058
1840	177.00	106.586	17.974
1832	186.00	107.143	18.848
1824	178.00	108.262	18.095
1816	179.50	109.068	18.252
1808	186.00	109.704	18.888
1800	187.50	110.510	19.044
1784	204.00	111.655	20.643
1776	202.00	112.579	20.467
1768	189.50	113.874	19.289
1760	165.00	115.613	16.938
1752	182.00	115.867	18.596
1744	151.00	117.870	15.592
1736	150.00	118.784	15.504
1728	149.00	119.700	15.417
1720	147.00	120.655	15.230
1712	146.00	121.575	15.142
1704	144.50	122.516	15.005
1696	143.00	123.459	14.867
1688	142.00	124.385	14.778
1680	140.50	125.333	14.640
1672	139.00	126.283	14.501
1664	138.00	127.215	14.411
1656	136.00	128.190	14.222
1648	135.00	129.126	14.132
1640	133.50	130.085	13.992
1632	132.50	131.025	13.901
1624	131.00	131.989	13.761
1616	130.00	132.933	13.670
1608	128.50	133.901	13.529
1600	127.50	134.850	13.437
1592	126.00	135.822	13.295
1584	124.50	136.797	13.153
1576	124.00	137.730	13.112
1568	122.50	138.709	12.969
1560	121.50	139.668	12.877
1552	120.50	140.629	12.784
1544	119.50	141.592	12.692
1536	118.50	142.557	12.599
1528	117.50	143.524	12.506
1520	116.50	144.493	12.412
1512	115.50	145.465	12.319
1504	114.50	146.438	12.225
1496	113.50	147.413	12.131
1488	112.50	148.391	12.037
1480	111.00	149.395	11.891
1472	110.50	150.352	11.849
1464	109.00	151.360	11.702
1456	108.50	152.322	11.659
1448	107.50	153.309	11.564
1440	106.50	154.300	11.469
1432	105.50	155.292	11.373
1424	104.50	156.286	11.277
1416	103.50	157.283	11.182
1408	103.00	158.255	11.138
1400	102.50	159.229	11.094
1392	101.50	160.232	10.997
1384	100.50	161.237	10.901
1376	99.50	162.243	10.804
1368	99.00	163.225	10.759
1360	98.50	164.209	10.715
1352	97.50	165.222	10.618
1344	97.00	166.210	10.573
1336	96.00	167.227	10.475
1328	95.50	168.218	10.430
1320	94.50	169.240	10.332
1312	94.00	170.235	10.287
1304	93.00	171.261	10.189
1296	92.50	172.260	10.143
1288	91.50	173.290	10.045
1280	91.00	174.293	9.999
1272	90.00	175.327	9.900
1264	89.50	176.334	9.854
1256	88.50	177.373	9.755
1248	88.00	178.384	9.709
1240	87.00	179.427	9.609
1232	87.00	180.411	9.616
1224	86.00	181.458	9.516
1216	85.50	182.477	9.470
1208	85.00	183.498	9.423
1200	85.00	184.489	9.430
1192	84.00	185.544	9.330
1184	83.50	186.571	9.283
1176	83.00	187.599	9.236
1168	83.00	188.597	9.243
1160	82.50	189.629	9.196
1152	81.50	190.695	9.094
1144	81.00	191.731	9.047
1136	80.50	192.769	9.000
1128	80.00	193.808	8.952
1120	79.50	194.850	8.905
1112	79.50	195.860	8.912
1104	74.00	197.244	8.317
1088	76.00	199.140	8.549
1080	77.00	200.089	8.665
1072	76.50	201.142	8.617
1064	76.00	202.198	8.569
1056	75.00	203.291	8.466
1048	75.00	204.315	8.472
1040	74.50	205.377	8.424
1032	74.00	206.441	8.375
1024	73.00	207.543	8.272
1016	73.00	208.574	8.278
1008	72.50	209.644	8.229
1000	71.50	210.753	8.125
992	71.00	211.827	8.076
984	71.00	212.866	8.082
976	70.00	213.981	7.977
968	69.50	215.062	7.928
960	69.00	216.144	7.878
952	69.00	217.191	7.885
944	68.00	218.315	7.779
936	67.00	219.442	7.674
928	67.00	220.495	7.680
920	67.00	221.549	7.686
912	66.00	222.683	7.580
904	66.00	223.740	7.586
896	65.00	224.879	7.479
888	65.00	225.940	7.485
880	64.50	227.044	7.435
872	64.00	228.149	7.384
864	63.00	229.297	7.277
856	63.00	230.366	7.283
848	62.00	231.519	7.176
840	61.50	232.634	7.125
832	61.00	233.750	7.074
824	60.50	234.869	7.023
816	60.50	235.948	7.028
808	59.50	237.113	6.920
800	59.00	238.238	6.869
792	58.50	239.365	6.817
784	58.00	240.495	6.766
776	55.00	241.843	6.428
768	57.00	242.761	6.662
760	56.50	243.897	6.610
752	56.00	245.036	6.558
744	55.00	246.221	6.448
736	55.00	247.320	6.454
728	54.50	248.465	6.401
720	54.00	249.613	6.349
712	53.50	250.763	6.296
704	53.00	251.915	6.244
696	52.50	253.069	6.191
688	52.00	254.226	6.138
680	51.50	255.385	6.085
672	51.00	256.546	6.032
664	50.50	257.710	5.979
656	50.00	258.876	5.925
648	49.50	260.044	5.872
640	49.50	261.168	5.877
632	51.50	262.102	6.115
624	51.50	263.227	6.120
616	51.00	264.403	6.066
608	52.00	265.436	6.188
600	52.50	266.519	6.252
528	70.50	274.960	8.401
512	71.50	277.141	8.531
504	71.50	278.285	8.538
496	69.00	279.687	8.254
488	69.00	280.835	8.261
480	62.50	282.661	7.507
472	60.50	284.027	7.278
464	57.50	285.502	6.931
456	60.50	286.346	7.290
448	60.50	287.509	7.296
432	61.50	289.733	7.426
424	53.50	291.766	6.485
408	39.00	295.713	4.761
400	14.50	299.651	1.788
392	11.00	301.251	1.360
384	8.50	302.744	1.052
376	11.00	303.664	1.362
368	7.50	305.279	0.931
360	7.00	306.551	0.869
352	9.00	307.532	1.118
344	10.00	308.631	1.243
336	9.00	309.967	1.120
328	8.00	311.307	0.997
320	4.50	312.950	0.562
312	5.00	314.117	0.625
304	5.00	315.347	0.625
296	4.50	316.639	0.563
288	4.50	317.873	0.564
280	4.50	319.109	0.564
272	4.50	320.347	0.565
264	4.00	321.650	0.503
256	4.50	322.830	0.566
248	6.00	323.887	0.755
240	7.00	325.008	0.881
232	9.50	325.940	1.195
