0	0	0	0.0	0.0
4	0	0	0.0	0.0
8	0	0	0.0	0.0
12	0	0	0.0	0.0
16	0	0	0.0	0.0
20	0	0	0.0	0.0
24	0	0	0.0	0.0
28	0	0	0.0	0.0
32	0	0	0.0	0.0
36	0	0	0.0	0.0
40	0	0	0.0	0.0
44	0	0	0.0	0.0
48	0	0	0.0	0.0
52	0	0	0.0	0.0
56	0	0	0.0	0.0
60	0	0	0.0	0.0
64	0	0	0.0	0.0
68	0	0	0.0	0.0
72	0	0	0.0	0.0
76	0	0	0.0	0.0
80	0	0	0.0	0.0
84	0	0	0.0	0.0
88	0	0	0.0	0.0
92	0	0	0.0	0.0
96	0	0	0.0	0.0
100	0	0	0.0	0.0
104	0	0	0.0	0.0
108	0	0	0.0	0.0
112	0	0	0.0	0.0
116	0	0	0.0	0.0
120	0	0	0.0	0.0
124	0	0	0.0	0.0
128	0	0	0.0	0.0
132	0	0	0.0	0.0
136	0	0	0.0	0.0
140	0	0	0.0	0.0
144	0	0	0.0	0.0
148	0	0	0.0	0.0
152	0	0	0.0	0.0
156	0	0	0.0	0.0
160	0	0	0.0	0.0
164	0	0	0.0	0.0
168	0	0	0.0	0.0
172	0	0	0.0	0.0
176	0	0	0.0	0.0
180	0	0	0.0	0.0
184	0	0	0.0	0.0
188	0	0	0.0	0.0
192	0	0	0.0	0.0
196	0	0	0.0	0.0
200	0	0	0.0	0.0
204	0	0	0.0	0.0
208	0	0	0.0	0.0
212	1	0	956.0	0.0
216	0	0	0.0	0.0
220	0	0	0.0	0.0
224	21	0	947.0	0.0
228	22	0	946.5	0.0
232	19	0	947.0	0.0
236	17	0	946.0	0.0
240	14	0	949.5	0.0
244	11	0	948.0	0.0
248	12	4	948.5	959.5
252	9	4	948.0	959.5
256	9	4	948.0	959.5
260	7	3	949.0	959.0
264	8	4	948.5	959.5
268	9	4	948.0	959.5
272	9	4	948.0	959.5
276	9	11	948.0	956.0
280	9	4	948.0	959.5
284	9	4	948.0	959.5
288	9	4	948.0	959.5
292	9	4	948.0	959.5
296	9	5	948.0	959.0
300	9	5	948.0	959.0
304	10	5	947.5	959.0
308	9	14	948.0	954.5
312	10	5	947.5	959.0
316	9	6	948.0	959.5
320	9	6	947.0	959.5
324	12	6	946.5	959.5
328	16	6	946.5	959.5
332	20	6	946.5	959.5
336	18	6	948.5	959.5
340	19	6	947.0	959.5
344	20	17	945.5	954.0
348	20	6	945.5	959.5
352	18	6	946.5	959.5
356	16	6	946.5	959.5
360	14	6	946.5	959.5
364	15	6	947.0	959.5
368	15	6	947.0	959.5
372	17	7	946.0	959.0
376	22	7	946.5	959.0
380	16	7	947.5	959.0
384	17	7	946.0	959.0
388	21	7	946.0	959.0
392	22	18	947.5	964.5
396	29	8	947.0	959.5
400	29	8	946.0	959.5
404	78	8	946.5	959.5
408	78	8	946.5	959.5
412	78	8	946.5	959.5
416	97	16	956.0	959.5
420	100	24	947.5	959.5
424	107	26	951.0	959.5
428	122	28	947.5	959.5
432	123	28	948.0	959.5
436	123	30	948.0	959.5
440	102	34	958.5	959.5
444	121	38	949.0	959.5
448	121	42	949.0	959.5
452	121	46	949.0	959.5
456	121	50	950.0	959.5
460	121	55	947.0	959.0
464	115	59	950.0	959.0
468	121	64	947.0	959.5
472	121	68	947.0	959.5
476	124	72	947.5	959.5
480	125	76	948.0	959.5
484	126	80	948.5	959.5
488	138	84	948.5	959.5
492	143	88	946.0	959.5
496	138	92	946.5	959.5
500	143	97	949.0	959.0
504	143	101	946.0	959.0
508	148	105	945.5	959.0
512	143	110	947.0	959.5
516	144	129	947.5	966.0
520	10	144	1,014.5	959.5
524	141	144	948.0	959.5
528	141	144	947.0	959.5
532	1	144	1,018.0	959.5
536	1	143	1,011.0	959.0
540	136	143	943.5	959.0
544	1	143	1,011.0	959.0
548	1	142	1,011.0	959.5
552	21	142	1,002.0	959.5
556	94	142	970.5	959.5
560	94	142	970.5	959.5
564	94	142	970.5	959.5
568	6	142	1,014.5	959.5
572	65	141	983.0	959.0
576	103	141	961.0	959.0
580	113	140	956.0	959.5
584	111	140	956.0	959.5
588	114	140	957.5	959.5
592	111	140	956.0	959.5
596	108	140	954.5	959.5
600	105	140	952.0	959.5
604	105	139	952.0	959.0
608	104	139	951.5	959.0
612	102	138	950.5	959.5
616	102	138	949.5	959.5
620	103	138	950.0	959.5
624	103	120	950.0	959.5
628	102	108	949.5	959.5
632	103	98	949.0	959.5
636	97	98	946.0	959.5
640	99	98	947.0	959.5
644	100	98	946.5	959.5
648	99	98	946.0	959.5
652	99	98	946.0	959.5
656	100	99	946.5	959.0
660	101	100	947.0	959.5
664	101	100	946.0	959.5
668	101	100	946.0	959.5
672	102	100	946.5	959.5
676	102	104	946.5	959.5
680	103	104	946.0	959.5
684	103	104	946.0	959.5
688	104	104	946.5	959.5
692	104	104	946.5	959.5
696	105	104	946.0	959.5
700	106	104	946.5	959.5
704	106	105	946.5	959.0
708	106	105	946.5	959.0
712	107	106	946.0	959.5
716	107	106	946.0	959.5
720	108	107	946.5	959.0
724	109	107	946.0	959.0
728	109	108	946.0	959.5
732	110	108	946.5	959.5
736	110	109	946.5	959.0
740	110	109	946.5	959.0
744	110	112	946.5	959.5
748	110	112	946.5	959.5
752	112	112	946.5	959.5
756	112	112	946.5	959.5
760	113	113	946.0	959.0
764	114	113	946.5	959.0
768	114	113	946.5	959.0
772	2	114	999.5	959.5
776	110	114	945.5	959.5
780	0	114	0.0	959.5
784	116	115	946.5	959.0
788	117	116	946.0	959.5
792	117	116	946.0	959.5
796	118	116	946.5	959.5
800	118	117	946.5	959.0
804	118	118	946.5	959.5
808	119	118	946.0	959.5
812	120	118	946.5	959.5
816	121	121	946.0	959.0
820	121	122	946.0	959.5
824	121	122	946.0	959.5
828	122	122	946.5	959.5
832	122	122	946.5	959.5
836	123	122	946.0	959.5
840	123	122	946.0	959.5
844	123	123	946.0	959.0
848	124	124	946.5	959.5
852	125	124	946.0	959.5
856	126	125	946.5	959.0
860	126	126	946.5	959.5
864	126	126	946.5	959.5
868	126	126	946.5	959.5
872	128	127	946.5	959.0
876	128	128	946.5	959.5
880	129	128	946.0	959.5
884	129	129	946.0	959.0
888	130	132	946.5	959.5
892	130	132	946.5	959.5
896	130	132	946.5	959.5
900	130	132	946.5	959.5
904	132	132	946.5	959.5
908	132	132	946.5	959.5
912	132	132	946.5	959.5
916	133	132	946.0	959.5
920	134	133	946.5	959.0
924	134	134	946.5	959.5
928	134	134	946.5	959.5
932	134	134	946.5	959.5
936	134	135	946.5	959.0
940	136	136	946.5	959.5
944	136	136	946.5	959.5
948	137	136	946.0	959.5
952	138	136	946.5	959.5
956	138	137	946.5	959.0
960	138	138	946.5	959.5
964	138	140	946.5	959.5
968	139	140	946.0	959.5
972	140	140	946.5	959.5
976	140	140	946.5	959.5
980	142	140	946.5	959.5
984	142	141	946.5	959.0
988	142	142	946.5	959.5
992	142	142	946.5	959.5
996	142	142	946.5	959.5
1000	143	143	947.0	959.0
1004	143	144	947.0	959.5
1008	145	144	946.0	959.5
1012	146	145	946.5	959.0
1016	146	146	946.5	959.5
1020	146	146	946.5	959.5
1024	146	146	946.5	959.5
1028	146	147	946.5	959.0
1032	148	148	946.5	959.5
1036	148	150	946.5	959.5
1040	149	150	946.0	959.5
1044	149	150	946.0	959.5
1048	150	150	946.5	959.5
1052	150	150	946.5	959.5
1056	150	151	946.5	959.0
1060	152	152	946.5	959.5
1064	152	152	946.5	959.5
1068	152	152	946.5	959.5
1072	153	153	946.0	959.0
1076	154	154	946.5	959.5
1080	154	154	946.5	959.5
1084	154	154	946.5	959.5
1088	152	155	946.5	959.0
1092	155	156	946.0	959.5
1096	80	156	909.5	959.5
1100	79	165	971.0	959.0
1104	148	162	950.5	961.5
1108	158	162	946.5	957.5
1112	159	165	946.0	959.0
1116	159	165	946.0	959.0
1120	159	164	946.0	959.5
1124	160	164	946.5	959.5
1128	160	164	946.5	959.5
1132	161	164	946.0	959.5
1136	161	163	946.0	959.0
1140	162	162	946.5	959.5
1144	162	162	946.5	959.5
1148	163	163	946.0	959.0
1152	163	164	946.0	959.5
1156	164	164	946.5	959.5
1160	165	165	946.0	959.0
1164	165	166	946.0	959.5
1168	166	166	946.5	959.5
1172	166	166	946.5	959.5
1176	166	167	946.5	959.0
1180	166	169	946.5	959.0
1184	167	169	946.0	959.0
1188	168	169	946.5	959.0
1192	168	170	946.5	959.5
1196	169	170	946.0	959.5
1200	170	170	946.5	959.5
1204	170	171	946.5	959.0
1208	170	171	946.5	959.0
1212	170	172	946.5	959.5
1216	171	172	946.0	959.5
1220	172	172	946.5	959.5
1224	172	173	946.5	959.0
1228	173	174	946.0	959.5
1232	174	174	946.5	959.5
1236	174	174	946.5	959.5
1240	174	175	946.5	959.0
1244	174	176	946.5	959.5
1248	176	176	946.5	959.5
1252	176	177	946.5	959.0
1256	177	178	946.0	959.5
1260	178	178	946.5	959.5
1264	179	179	946.0	959.0
1268	180	180	946.5	959.5
1272	180	180	946.5	959.5
1276	181	181	946.0	959.0
1280	182	182	946.5	959.5
1284	182	183	946.5	959.0
1288	183	184	946.0	959.5
1292	183	184	946.0	959.5
1296	185	185	946.0	959.0
1300	185	186	946.0	959.5
1304	186	186	946.5	959.5
1308	186	187	946.5	959.0
1312	188	188	946.5	959.5
1316	189	189	946.0	959.0
1320	189	190	946.0	959.5
1324	190	190	946.5	959.5
1328	191	192	946.0	959.5
1332	191	192	946.0	959.5
1336	192	193	946.5	959.0
1340	193	194	946.0	959.5
1344	194	194	946.5	959.5
1348	194	195	946.5	959.0
1352	195	196	946.0	959.5
1356	195	197	946.0	959.0
1360	197	198	946.0	959.5
1364	198	198	946.5	959.5
1368	198	199	946.5	959.0
1372	198	200	946.5	959.5
1376	199	200	946.0	959.5
1380	201	202	946.0	959.5
1384	201	202	946.0	959.5
1388	201	203	946.0	959.0
1392	203	204	946.0	959.5
1396	203	205	946.0	959.0
1400	205	206	946.0	959.5
1404	205	207	946.0	959.0
1408	206	208	946.5	959.5
1412	207	208	946.0	959.5
1416	207	210	946.0	959.5
1420	208	210	946.5	959.5
1424	209	211	946.0	959.0
1428	210	212	946.5	959.5
1432	211	213	946.0	959.0
1436	211	214	946.0	959.5
1440	213	215	946.0	959.0
1444	215	216	946.0	959.5
1448	215	216	946.0	959.5
1452	215	218	946.0	959.5
1456	217	218	946.0	959.5
1460	217	219	946.0	959.0
1464	218	220	946.5	959.5
1468	219	221	946.0	959.0
1472	221	222	946.0	959.5
1476	221	223	946.0	959.0
1480	222	224	946.5	959.5
1484	223	225	946.0	959.0
1488	225	226	946.0	959.5
1492	226	227	946.5	959.0
1496	227	228	946.0	959.5
1500	227	229	946.0	959.0
1504	229	230	946.0	959.5
1508	229	231	946.0	959.0
1512	231	232	946.0	959.5
1516	232	233	945.5	959.0
1520	233	234	946.0	959.5
1524	234	235	946.5	959.0
1528	235	236	946.0	959.5
1532	235	237	946.0	959.0
1536	237	238	946.0	959.5
1540	237	240	946.0	959.5
1544	239	241	946.0	959.0
1548	240	242	945.5	959.5
1552	241	243	946.0	959.0
1556	242	244	945.5	959.5
1560	243	245	946.0	959.0
1564	244	246	945.5	959.5
1568	245	248	946.0	959.5
1572	247	249	946.0	959.0
1576	248	250	945.5	959.5
1580	249	251	946.0	959.0
1584	249	252	946.0	959.5
1588	251	254	946.0	959.5
1592	252	254	945.5	959.5
1596	252	256	945.5	959.5
1600	255	257	946.0	959.0
1604	255	258	946.0	959.5
1608	257	259	946.0	959.0
1612	258	260	945.5	959.5
1616	260	262	945.5	959.5
1620	260	263	945.5	959.0
1624	262	265	945.5	959.0
1628	264	266	945.5	959.5
1632	265	267	946.0	959.0
1636	265	269	946.0	959.0
1640	267	270	946.0	959.5
1644	268	271	945.5	959.0
1648	270	273	945.5	959.0
1652	271	274	946.0	959.5
1656	272	275	945.5	959.0
1660	274	277	945.5	959.0
1664	276	278	945.5	959.5
1668	276	279	945.5	959.0
1672	278	281	945.5	959.0
1676	280	282	945.5	959.5
1680	281	283	946.0	959.0
1684	282	285	945.5	959.0
1688	284	286	945.5	959.5
1692	284	286	945.5	959.5
1696	286	287	945.5	959.0
1700	288	288	945.5	959.5
1704	289	288	946.0	959.5
1708	291	290	946.0	959.5
1712	292	290	945.5	959.5
1716	292	290	945.5	959.5
1720	294	292	945.5	959.5
1724	296	292	945.5	959.5
1728	298	293	945.5	959.0
1732	298	294	945.5	959.5
1736	300	294	945.5	959.5
1740	301	295	946.0	959.0
1744	302	330	945.5	976.5
1748	304	296	945.5	959.5
1752	364	367	944.5	959.0
1756	306	367	945.5	959.0
1760	330	367	945.5	959.0
1764	354	366	947.5	959.5
1768	379	364	946.0	959.5
1772	400	363	945.5	959.0
1776	404	362	945.5	959.5
1780	403	360	946.0	959.5
1784	408	360	946.5	959.5
1788	1	358	1,151.0	959.5
1792	0	357	0.0	959.0
1796	362	356	957.5	959.5
1800	375	354	946.0	959.5
1804	368	353	945.5	959.0
1808	372	352	950.5	959.5
1812	355	350	954.0	959.5
1816	359	349	943.0	959.0
1820	363	348	953.0	959.5
1824	356	346	950.5	959.5
1828	353	346	949.0	959.5
1832	372	344	945.5	959.5
1836	362	343	945.5	959.0
1840	354	345	945.5	959.0
1844	358	347	949.5	959.0
1848	356	350	946.5	959.5
1852	355	352	945.0	959.5
1856	357	355	945.0	959.0
1860	360	358	945.5	959.5
1864	365	360	946.0	959.5
1868	365	363	945.0	959.0
1872	367	365	945.0	959.0
1876	369	368	945.0	959.5
1880	372	370	945.5	959.5
1884	375	373	945.0	959.0
1888	376	376	945.5	959.5
1892	378	378	945.5	959.5
1896	380	380	945.5	959.5
1900	383	382	945.0	959.5
1904	386	385	945.5	959.0
1908	388	387	945.5	959.0
1912	390	390	945.5	959.5
1916	393	392	945.0	959.5
1920	396	394	945.5	959.5
1924	397	396	945.0	959.5
1928	400	399	945.5	959.0
1932	402	401	945.5	959.0
1936	404	403	945.5	959.0
1940	406	406	945.5	959.5
1944	409	408	946.0	959.5
1948	412	410	945.5	959.5
1952	415	413	945.0	959.0
1956	416	415	945.5	959.0
1960	420	418	945.5	959.5
1964	422	420	945.5	959.5
1968	424	422	945.5	959.5
1972	426	425	945.5	959.0
1976	428	428	945.5	959.5
1980	432	430	945.5	959.5
1984	434	432	945.5	959.5
1988	436	435	945.5	959.0
1992	439	438	945.0	959.5
1996	441	440	945.0	959.5
2000	444	443	945.5	959.0
2004	446	445	945.5	959.0
2008	448	448	945.5	959.5
2012	451	450	945.0	959.5
2016	454	453	945.5	959.0
2020	456	456	945.5	959.5
2024	460	458	945.5	959.5
2028	462	461	945.5	959.0
2032	464	464	945.5	959.5
2036	466	466	945.5	959.5
2040	470	469	945.5	959.0
2044	473	472	945.0	959.5
2048	475	475	945.0	959.0
2052	477	478	945.0	959.5
2056	480	480	945.5	959.5
2060	483	483	945.0	959.0
2064	485	486	945.0	959.5
2068	488	488	945.5	959.5
2072	491	492	945.0	959.5
2076	494	494	945.5	959.5
2080	497	497	945.0	959.0
2084	499	500	945.0	959.5
2088	501	502	945.0	959.5
2092	505	505	945.0	959.0
2096	508	508	945.5	959.5
2100	510	511	945.5	959.0
2104	513	514	945.0	959.5
2108	516	517	945.5	959.0
2112	519	520	945.0	959.5
2116	521	522	945.0	959.5
2120	524	526	945.5	959.5
2124	528	528	945.5	959.5
2128	530	532	945.5	959.5
2132	532	534	945.5	959.5
2136	536	538	945.5	959.5
2140	539	540	945.0	959.5
2144	543	543	945.0	959.0
2148	545	546	945.0	959.5
2152	548	550	945.5	959.5
2156	552	552	945.5	959.5
2160	555	556	945.0	959.5
2164	557	558	945.0	959.5
2168	560	562	945.5	959.5
2172	563	564	945.0	959.5
2176	566	568	945.5	959.5
2180	569	571	945.0	959.0
2184	572	574	945.5	959.5
2188	575	577	945.0	959.0
2192	578	580	945.5	959.5
2196	581	583	945.0	959.0
2200	584	586	945.5	959.5
2204	588	589	945.5	959.0
2208	590	592	945.5	959.5
2212	593	596	945.0	959.5
2216	596	599	945.5	959.0
2220	600	602	945.5	959.5
2224	603	605	945.0	959.0
2228	606	608	945.5	959.5
2232	610	611	945.5	959.0
2236	614	614	945.5	959.5
2240	617	618	945.0	959.5
2244	621	620	945.0	959.5
2248	624	624	945.5	959.5
2252	770	626	944.5	959.5
2256	775	630	945.0	959.5
2260	606	632	944.5	959.5
2264	768	636	944.5	959.5
2268	762	639	947.5	959.0
2272	758	748	945.5	944.5
2276	758	748	945.5	944.5
2280	758	769	945.5	955.0
2284	764	780	942.5	959.5
2288	759	780	946.0	959.5
2292	759	779	946.0	959.0
2296	765	774	943.0	959.5
2300	766	770	942.5	959.5
2304	765	770	943.0	959.5
2308	733	771	958.0	959.0
2312	772	771	944.5	959.0
2316	778	772	944.5	959.5
2320	778	773	944.5	959.0
2324	784	774	946.5	959.5
2328	789	774	945.0	959.5
2332	685	774	945.0	959.5
2336	784	775	945.5	959.0
2340	780	776	945.5	959.5
2344	776	776	945.5	959.5
2348	774	778	945.5	959.5
2352	771	778	946.0	959.5
2356	771	779	946.0	959.0
2360	770	780	945.5	959.5
2364	769	781	946.0	959.0
2368	770	782	945.5	959.5
2372	769	783	945.0	959.0
2376	770	785	945.5	959.0
2380	771	788	945.0	959.5
2384	772	790	945.5	959.5
2388	772	793	945.5	959.0
2392	775	796	945.0	959.5
2396	777	798	945.0	959.5
2400	779	801	945.0	959.0
2404	783	804	945.0	959.5
2408	787	808	945.0	959.5
2412	791	812	945.0	959.5
2416	795	816	945.0	959.5
2420	800	820	945.5	959.5
2424	804	823	945.5	959.0
2428	809	827	945.0	959.0
2432	815	831	945.0	959.0
2436	821	836	945.0	959.5
2440	825	842	945.0	959.5
2444	831	846	945.0	959.5
2448	836	852	945.5	959.5
2452	841	857	945.0	959.0
2456	847	862	945.0	959.5
2460	853	868	945.0	959.5
2464	857	872	945.0	959.5
2468	863	879	945.0	959.0
2472	867	884	945.0	959.5
2476	873	890	945.0	959.5
2480	878	895	945.5	959.0
2484	883	900	945.0	959.5
2488	889	906	945.0	959.5
2492	893	911	945.0	959.0
2496	899	916	945.0	959.5
2500	905	922	945.0	959.5
2504	910	928	944.5	959.5
2508	915	932	945.0	959.5
2512	920	938	945.5	959.5
2516	925	943	945.0	959.0
2520	931	948	945.0	959.5
2524	935	954	945.0	959.5
2528	1366	958	732.5	959.5
2532	947	964	945.0	959.5
2536	951	970	945.0	959.5
2540	957	974	945.0	959.5
2544	961	980	945.0	959.5
2548	967	984	945.0	959.5
2552	1396	990	1,157.5	959.5
2556	977	994	945.0	959.5
2560	983	1000	945.0	959.5
2564	989	1006	945.0	959.5
2568	993	1010	945.0	959.5
2572	1335	1016	777.0	959.5
2576	1004	1021	944.5	959.0
2580	1010	1026	944.5	959.5
2584	1015	1032	945.0	959.5
2588	1321	1036	795.0	959.5
2592	1025	1044	945.0	959.5
2596	1834	1054	920.5	959.5
2600	1411	1064	1,133.0	959.5
2604	1041	1074	945.0	959.5
2608	1046	1084	945.5	959.5
2612	1052	1094	944.5	959.5
2616	1451	1104	748.0	959.5
2620	1063	1114	945.0	959.5
2624	1763	1126	1,018.0	959.5
2628	1074	1134	944.5	959.5
2632	1268	1144	1,039.5	959.5
2636	1462	1152	756.5	959.5
2640	1089	1160	945.0	959.5
2644	1095	1170	945.0	959.5
2648	1472	1178	758.5	959.5
2652	1476	1186	759.5	959.5
2656	1110	1194	945.5	959.5
2660	1117	1202	945.0	959.5
2664	1121	1206	945.0	959.5
2668	1312	1212	1,038.5	959.5
2672	1391	1218	816.0	959.5
2676	1376	1224	825.5	959.5
2680	1635	1228	942.0	959.5
2684	1400	1234	1,086.5	959.5
2688	1387	1240	1,091.0	959.5
2692	1360	1246	1,080.5	959.5
2696	1358	1252	1,118.5	959.5
2700	1325	1258	1,110.0	959.5
2704	1573	1264	927.0	959.5
2708	1691	1269	957.0	959.0
2712	1668	1274	960.5	959.5
2716	1792	1280	1,017.5	959.5
2720	1325	1286	1,137.0	959.5
2724	1301	1292	1,126.0	959.5
2728	1310	1298	1,145.5	959.5
2732	1566	1304	927.5	959.5
2736	1310	1310	1,152.5	959.5
2740	1293	1316	1,157.0	959.5
2744	1277	1322	1,153.0	959.5
2748	1203	1327	1,119.0	959.0
2752	1412	1332	1,034.5	959.5
2756	1253	1338	1,154.0	959.5
2760	1204	1344	1,129.5	959.5
2764	1225	1351	1,141.0	959.0
2768	1210	1356	1,141.5	959.5
2772	1252	1362	1,165.5	959.5
2776	1185	1368	1,129.0	959.5
2780	1188	1374	1,128.5	959.5
2784	1249	1380	1,159.0	959.5
2788	1220	1386	1,143.5	959.5
2792	1180	1392	1,124.5	959.5
2796	1182	1396	1,125.5	959.5
2800	1183	1389	1,123.0	959.0
2804	1230	1392	1,145.5	959.5
2808	1233	1400	1,145.0	959.5
2812	1216	1408	1,154.5	959.5
2816	1182	1416	1,135.5	959.5
2820	1200	1424	1,143.5	959.5
2824	1195	1418	1,130.0	959.5
2828	1085	1424	1,173.0	959.5
2832	1153	1430	1,112.0	959.5
2836	924	1436	1,153.5	959.5
2840	1089	1442	1,173.0	959.5
2844	1140	1448	1,196.5	959.5
2848	1093	1454	1,173.0	959.5
2852	1088	1460	1,171.5	959.5
2856	1256	1466	1,200.5	959.5
2860	1196	1472	1,145.5	959.5
2864	1686	1478	964.5	959.5
2868	1494	1484	1,060.5	959.5
2872	1260	1490	1,185.5	959.5
2876	1692	1496	960.5	959.5
2880	1742	1503	978.5	959.0
2884	1766	1509	922.5	959.0
2888	1714	1516	948.5	959.5
2892	1638	1522	987.5	959.5
2896	1889	1528	974.0	959.5
2900	1893	1534	968.0	959.5
2904	1893	1540	962.0	959.5
2908	1696	1545	927.5	959.0
2912	1793	1550	984.0	959.5
2916	1834	1556	1,000.5	959.5
2920	1761	1562	895.0	959.5
2924	1891	1568	958.0	959.5
2928	1844	1574	981.5	959.5
2932	1903	1580	967.0	959.5
2936	1860	1586	989.5	959.5
2940	1861	0	989.0	0.0
2944	1907	0	966.0	0.0
2948	1912	0	963.5	0.0
2952	1831	0	1,001.0	0.0
2956	1895	0	968.0	0.0
2960	1830	0	1,000.5	0.0
2964	1916	0	957.5	0.0
2968	1693	0	934.0	0.0
2972	1777	0	986.0	0.0
2976	1676	0	944.5	0.0
2980	1805	0	1,005.0	0.0
2984	1682	0	939.5	0.0
2988	1820	0	1,009.5	0.0
2992	1818	0	1,010.5	0.0
2996	1920	0	959.5	0.0
3000	1920	0	959.5	0.0
3004	1524	0	761.5	0.0
3008	1244	0	923.5	0.0
3012	1479	0	833.0	0.0
3016	1522	0	854.5	0.0
3020	1412	0	924.5	0.0
3024	1491	0	917.0	0.0
3028	1707	0	912.0	0.0
3032	1754	0	934.5	0.0
3036	1698	0	962.5	0.0
3040	1731	0	944.0	0.0
3044	1808	0	951.5	0.0
3048	1840	0	935.5	0.0
3052	1893	0	946.0	0.0
3056	1524	0	1,157.5	0.0
3060	16	0	1,911.5	0.0
3064	0	0	0.0	0.0
3068	9	0	1,481.0	0.0
3072	0	0	0.0	0.0
3076	0	0	0.0	0.0
3080	2	0	1,752.5	0.0
3084	6	0	1,752.5	0.0
3088	0	0	0.0	0.0
3092	0	0	0.0	0.0
3096	126	0	1,352.5	0.0
3100	7	0	67.0	0.0
3104	3	0	1,145.0	0.0
3108	0	0	0.0	0.0
3112	4	0	1,229.5	0.0
3116	1	0	1,233.0	0.0
3120	307	0	741.0	0.0
3124	17	0	886.0	0.0
3128	388	0	749.5	0.0
3132	871	0	991.0	0.0
3136	710	0	539.5	0.0
3140	262	0	316.5	0.0
3144	4	0	1,911.5	0.0
3148	1469	0	1,180.0	0.0
3152	968	0	1,427.5	0.0
3156	0	0	0.0	0.0
3160	6	0	1,474.5	0.0
3164	1014	0	964.5	0.0
3168	1427	0	971.0	0.0
3172	604	0	329.5	0.0
3176	1684	0	869.5	0.0
3180	1660	0	905.5	0.0
3184	1688	0	899.5	0.0
3188	1701	0	892.0	0.0
3192	1392	0	739.5	0.0
3196	1754	0	1,025.5	0.0
